Bellman-Ford,Inc,1000,0.1,0.005134554998221574
Dijkstra,Inc,1000,0.1,0.00010696000026655383
Bellman-Ford,Dec,1000,0.1,0.012996979003219167
Dijkstra,Dec,1000,0.1,0.0006784010001865681
Dynamic,Inc,1000,0.1,0.005094440002721967
Dynamic,Dec,1000,0.1,0.002608654998766724
Bellman-Ford,Mixed,1000,0.1,0.013665410999237793
Dijkstra,Mixed,1000,0.1,0.0006897519997437485
Dynamic,Mixed,1000,0.1,0.0022376209999492858
Bellman-Ford,Inc,1000,0.2,0.012395001998811495
Dijkstra,Inc,1000,0.2,0.0006159730000945274
Bellman-Ford,Dec,1000,0.2,0.012327746000664774
Dijkstra,Dec,1000,0.2,0.0006494970002677292
Dynamic,Inc,1000,0.2,0.0008126520006044302
Dynamic,Dec,1000,0.2,0.008757981002418092
Bellman-Ford,Mixed,1000,0.2,0.004993250000552507
Dijkstra,Mixed,1000,0.2,7.764600013615564e-05
Dynamic,Mixed,1000,0.2,0.004206526999041671
Bellman-Ford,Inc,1000,0.3,0.011196146999282064
Dijkstra,Inc,1000,0.3,0.0005746259994339198
Bellman-Ford,Dec,1000,0.3,0.011278791000222554
Dijkstra,Dec,1000,0.3,0.0005855269992025569
Dynamic,Inc,1000,0.3,0.0038790840008005034
Dynamic,Dec,1000,0.3,0.008605123999586795
Bellman-Ford,Mixed,1000,0.3,0.013035572999797296
Dijkstra,Mixed,1000,0.3,0.0008094149998214561
Dynamic,Mixed,1000,0.3,0.006975742999202339
Bellman-Ford,Inc,1000,0.4,0.009906161001708824
Dijkstra,Inc,1000,0.4,0.0004850080003961921
Bellman-Ford,Dec,1000,0.4,0.005087858000479173
Dijkstra,Dec,1000,0.4,7.898799958638847e-05
Dynamic,Inc,1000,0.4,0.0030025520027265884
Dynamic,Dec,1000,0.4,0.007107359000656288
Bellman-Ford,Mixed,1000,0.4,0.012400972998875659
Dijkstra,Mixed,1000,0.4,0.000636843000393128
Dynamic,Mixed,1000,0.4,0.005710564000764862
Bellman-Ford,Inc,1000,0.5,0.008345218000613386
Dijkstra,Inc,1000,0.5,0.0003895800000464078
Bellman-Ford,Dec,1000,0.5,0.005134946000907803
Dijkstra,Dec,1000,0.5,8.081099804257974e-05
Dynamic,Inc,1000,0.5,0.0006734609996783547
Dynamic,Dec,1000,0.5,0.005537870001717238
Bellman-Ford,Mixed,1000,0.5,0.011830044000816997
Dijkstra,Mixed,1000,0.5,0.0005866889987373725
Dynamic,Mixed,1000,0.5,0.0065587230019446
Bellman-Ford,Inc,1000,0.1,0.01640973000030499
Dijkstra,Inc,1000,0.1,0.0008077220008999575
Bellman-Ford,Dec,1000,0.1,0.015713286000391236
Dijkstra,Dec,1000,0.1,0.000745016001019394
Dynamic,Inc,1000,0.1,0.0070535089980694465
Dynamic,Dec,1000,0.1,0.0036677690004580654
Bellman-Ford,Mixed,1000,0.1,0.01635108999835211
Dijkstra,Mixed,1000,0.1,0.0008439509983872995
Dynamic,Mixed,1000,0.1,0.0034924799983855337
Bellman-Ford,Inc,1000,0.2,0.0150102989973675
Dijkstra,Inc,1000,0.2,0.0007096279987308662
Bellman-Ford,Dec,1000,0.2,0.015289852999558207
Dijkstra,Dec,1000,0.2,0.0009791539996513166
Dynamic,Inc,1000,0.2,0.0064647069993952755
Dynamic,Dec,1000,0.2,0.014120742998784408
Bellman-Ford,Mixed,1000,0.2,0.016051529000833398
Dijkstra,Mixed,1000,0.2,0.0007702119983150624
Dynamic,Mixed,1000,0.2,0.005765947000327287
Bellman-Ford,Inc,1000,0.3,0.013674177000211785
Dijkstra,Inc,1000,0.3,0.000670745997922495
Bellman-Ford,Dec,1000,0.3,0.013904789000662277
Dijkstra,Dec,1000,0.3,0.0006857450025563594
Dynamic,Inc,1000,0.3,0.005468380997626809
Dynamic,Dec,1000,0.3,0.012148861002060585
Bellman-Ford,Mixed,1000,0.3,0.015308076999644982
Dijkstra,Mixed,1000,0.3,0.0007348159997491166
Dynamic,Mixed,1000,0.3,0.007496408998122206
Bellman-Ford,Inc,1000,0.4,0.012122962001740234
Dijkstra,Inc,1000,0.4,0.0005879510026716162
Bellman-Ford,Dec,1000,0.4,0.012147137000283692
Dijkstra,Dec,1000,0.4,0.0005792949996248353
Dynamic,Inc,1000,0.4,0.004365364999102894
Dynamic,Dec,1000,0.4,0.011456093001470435
Bellman-Ford,Mixed,1000,0.4,0.015649747001589276
Dijkstra,Mixed,1000,0.4,0.0008484079990012106
Dynamic,Mixed,1000,0.4,0.010393063002993586
Bellman-Ford,Inc,1000,0.5,0.0053478849986277055
Dijkstra,Inc,1000,0.5,8.429800072917715e-05
Bellman-Ford,Dec,1000,0.5,0.010169283999857726
Dijkstra,Dec,1000,0.5,0.00045021300320513546
Dynamic,Inc,1000,0.5,0.0007869830005802214
Dynamic,Dec,1000,0.5,0.009381337997183437
Bellman-Ford,Mixed,1000,0.5,0.01434975200027111
Dijkstra,Mixed,1000,0.5,0.0006758660019841045
Dynamic,Mixed,1000,0.5,0.011213530000532046
Bellman-Ford,Inc,1000,0.1,0.019179306000296492
Dijkstra,Inc,1000,0.1,0.0008171499976015184
Bellman-Ford,Dec,1000,0.1,0.019364633000805043
Dijkstra,Dec,1000,0.1,0.0010260519993607886
Dynamic,Inc,1000,0.1,0.009810211002331926
Dynamic,Dec,1000,0.1,0.002958650999062229
Bellman-Ford,Mixed,1000,0.1,0.0200811850008904
Dijkstra,Mixed,1000,0.1,0.0009801359992707148
Dynamic,Mixed,1000,0.1,0.0028274949982005637
Bellman-Ford,Inc,1000,0.2,0.017975172002479667
Dijkstra,Inc,1000,0.2,0.0008170500004780479
Bellman-Ford,Dec,1000,0.2,0.01784748299905914
Dijkstra,Dec,1000,0.2,0.0007868239990784787
Dynamic,Inc,1000,0.2,0.008867445998475887
Dynamic,Dec,1000,0.2,0.009556155000609579
Bellman-Ford,Mixed,1000,0.2,0.019343493000633316
Dijkstra,Mixed,1000,0.2,0.0009221770014846697
Dynamic,Mixed,1000,0.2,0.007248132998938672
Bellman-Ford,Inc,1000,0.3,0.017237970998394303
Dijkstra,Inc,1000,0.3,0.0009452800004510209
Bellman-Ford,Dec,1000,0.3,0.01673218400173937
Dijkstra,Dec,1000,0.3,0.0008515540030202828
Dynamic,Inc,1000,0.3,0.007848458000808023
Dynamic,Dec,1000,0.3,0.01772472199809272
Bellman-Ford,Mixed,1000,0.3,0.018987166000442812
Dijkstra,Mixed,1000,0.3,0.0008434400006080978
Dynamic,Mixed,1000,0.3,0.01573059799920884
Bellman-Ford,Inc,1000,0.4,0.015361746998678427
Dijkstra,Inc,1000,0.4,0.0006715080016874708
Bellman-Ford,Dec,1000,0.4,0.015354613999079447
Dijkstra,Dec,1000,0.4,0.0006990789988776669
Dynamic,Inc,1000,0.4,0.006673838001006516
Dynamic,Dec,1000,0.4,0.015413814999192255
Bellman-Ford,Mixed,1000,0.4,0.018630427999596577
Dijkstra,Mixed,1000,0.4,0.0009176880012091715
Dynamic,Mixed,1000,0.4,0.010078143001010176
Bellman-Ford,Inc,1000,0.5,0.013170092999644112
Dijkstra,Inc,1000,0.5,0.0007596220020786859
Bellman-Ford,Dec,1000,0.5,0.012895938998553902
Dijkstra,Dec,1000,0.5,0.0005968679979559965
Dynamic,Inc,1000,0.5,0.004952775001584087
Dynamic,Dec,1000,0.5,0.011832659001811408
Bellman-Ford,Mixed,1000,0.5,0.017390106000675587
Dijkstra,Mixed,1000,0.5,0.000770261998695787
Dynamic,Mixed,1000,0.5,0.013829858999088174
Bellman-Ford,Inc,5000,0.1,0.02432695600145962
Dijkstra,Inc,5000,0.1,0.00037220699960016645
Bellman-Ford,Dec,5000,0.1,0.17932714999915333
Dijkstra,Dec,5000,0.1,0.002772231000562897
Dynamic,Inc,5000,0.1,0.003958231998694828
Dynamic,Dec,5000,0.1,0.02863534499920206
Bellman-Ford,Mixed,5000,0.1,0.2111184739987948
Dijkstra,Mixed,5000,0.1,0.0035181380007998087
Dynamic,Mixed,5000,0.1,0.03268409399970551
Bellman-Ford,Inc,5000,0.2,0.14030876000106218
Dijkstra,Inc,5000,0.2,0.0018602630007080734
Bellman-Ford,Dec,5000,0.2,0.026012622998678125
Dijkstra,Dec,5000,0.2,0.00039905699668452144
Dynamic,Inc,5000,0.2,0.0040784980010357685
Dynamic,Dec,5000,0.2,0.03619104400058859
Bellman-Ford,Mixed,5000,0.2,0.03672985299999709
Dijkstra,Mixed,5000,0.2,0.0004933839991281275
Dynamic,Mixed,5000,0.2,0.023763881999911973
Bellman-Ford,Inc,5000,0.3,0.025173671998345526
Dijkstra,Inc,5000,0.3,0.00038732599932700396
Bellman-Ford,Dec,5000,0.3,0.029253272001369623
Dijkstra,Dec,5000,0.3,0.0003991570010839496
Dynamic,Inc,5000,0.3,0.0036837890002061613
Dynamic,Dec,5000,0.3,0.030075209997448837
Bellman-Ford,Mixed,5000,0.3,0.18798277799942298
Dijkstra,Mixed,5000,0.3,0.0027484470010676887
Dynamic,Mixed,5000,0.3,0.0025265009971917607
Bellman-Ford,Inc,5000,0.4,0.026062486998853274
Dijkstra,Inc,5000,0.4,0.00039255500087165274
Bellman-Ford,Dec,5000,0.4,0.024914145997172454
Dijkstra,Dec,5000,0.4,0.0003672880011436064
Dynamic,Inc,5000,0.4,0.003492430001642788
Dynamic,Dec,5000,0.4,0.0028968549995624926
Bellman-Ford,Mixed,5000,0.4,0.029312050999578787
Dijkstra,Mixed,5000,0.4,0.00046265699711511843
Dynamic,Mixed,5000,0.4,0.0031000460003269836
Bellman-Ford,Inc,5000,0.5,0.025984741001593648
Dijkstra,Inc,5000,0.5,0.00036425200232770294
Bellman-Ford,Dec,5000,0.5,0.02629224699921906
Dijkstra,Dec,5000,0.5,0.0003719260021171067
Dynamic,Inc,5000,0.5,0.003241119000449544
Dynamic,Dec,5000,0.5,0.003166299000440631
Bellman-Ford,Mixed,5000,0.5,0.029623924998304574
Dijkstra,Mixed,5000,0.5,0.0004910690004180651
Dynamic,Mixed,5000,0.5,0.0035406099996180274
Bellman-Ford,Inc,5000,0.1,0.1313352869983646
Dijkstra,Inc,5000,0.1,0.0018701019980653655
Bellman-Ford,Dec,5000,0.1,0.02455925100002787
Dijkstra,Dec,5000,0.1,0.0003877160015690606
Dynamic,Inc,5000,0.1,0.0038861280008859467
Dynamic,Dec,5000,0.1,0.0009294810006394982
Bellman-Ford,Mixed,5000,0.1,0.15338629100006074
Dijkstra,Mixed,5000,0.1,0.0023329989999183454
Dynamic,Mixed,5000,0.1,0.011404275999666424
Bellman-Ford,Inc,5000,0.2,0.02481584199995268
Dijkstra,Inc,5000,0.2,0.00038006199974915944
Bellman-Ford,Dec,5000,0.2,0.03245809300278779
Dijkstra,Dec,5000,0.2,0.00042013699930976145
Dynamic,Inc,5000,0.2,0.003490215996862389
Dynamic,Dec,5000,0.2,0.01586992900047335
Bellman-Ford,Mixed,5000,0.2,0.07106282699896838
Dijkstra,Mixed,5000,0.2,0.0007496539983549155
Dynamic,Mixed,5000,0.2,0.0017564690024300944
Bellman-Ford,Inc,5000,0.3,0.03991025800132775
Dijkstra,Inc,5000,0.3,0.0004237239991198294
Bellman-Ford,Dec,5000,0.3,0.030767156997171696
Dijkstra,Dec,5000,0.3,0.0004109800029254984
Dynamic,Inc,5000,0.3,0.0034930209985759575
Dynamic,Dec,5000,0.3,0.015475880998565117
Bellman-Ford,Mixed,5000,0.3,0.038438531999418046
Dijkstra,Mixed,5000,0.3,0.0005395410007622559
Dynamic,Mixed,5000,0.3,0.0031745140004204586
Bellman-Ford,Inc,5000,0.4,0.02455782900142367
Dijkstra,Inc,5000,0.4,0.00039632200059713796
Bellman-Ford,Dec,5000,0.4,0.024603473997558467
Dijkstra,Dec,5000,0.4,0.00043508399903657846
Dynamic,Inc,5000,0.4,0.00354042999970261
Dynamic,Dec,5000,0.4,0.0024901130018406548
Bellman-Ford,Mixed,5000,0.4,0.027950412000791403
Dijkstra,Mixed,5000,0.4,0.0003665769982035272
Dynamic,Mixed,5000,0.4,0.002587486000265926
Bellman-Ford,Inc,5000,0.5,0.036494462001428474
Dijkstra,Inc,5000,0.5,0.0004322400018281769
Bellman-Ford,Dec,5000,0.5,0.026805347002664348
Dijkstra,Dec,5000,0.5,0.0004456150018086191
Dynamic,Inc,5000,0.5,0.003102738002780825
Dynamic,Dec,5000,0.5,0.003101679998508189
Bellman-Ford,Mixed,5000,0.5,0.027767147999838926
Dijkstra,Mixed,5000,0.5,0.00038217600013013
Dynamic,Mixed,5000,0.5,0.002731774999119807
Bellman-Ford,Inc,5000,0.1,0.034168244997999864
Dijkstra,Inc,5000,0.1,0.00044813999920734204
Bellman-Ford,Dec,5000,0.1,0.2375850860007631
Dijkstra,Dec,5000,0.1,0.003740113999811001
Dynamic,Inc,5000,0.1,0.02326291400095215
Dynamic,Dec,5000,0.1,0.04109617900030571
Bellman-Ford,Mixed,5000,0.1,0.30067100500309607
Dijkstra,Mixed,5000,0.1,0.004336541001976002
Dynamic,Mixed,5000,0.1,0.02550922000227729
Bellman-Ford,Inc,5000,0.2,0.03372338299959665
Dijkstra,Inc,5000,0.2,0.0004264490016794298
Bellman-Ford,Dec,5000,0.2,0.20672144900163403
Dijkstra,Dec,5000,0.2,0.0033362680005666334
Dynamic,Inc,5000,0.2,0.004098194000107469
Dynamic,Dec,5000,0.2,0.034127989998523844
Bellman-Ford,Mixed,5000,0.2,0.024685005999344867
Dijkstra,Mixed,5000,0.2,0.0003844599996227771
Dynamic,Mixed,5000,0.2,0.033625138999923365
Bellman-Ford,Inc,5000,0.3,0.02470660700055305
Dijkstra,Inc,5000,0.3,0.0003893289976986125
Bellman-Ford,Dec,5000,0.3,0.16204571699927328
Dijkstra,Dec,5000,0.3,0.002598285998828942
Dynamic,Inc,5000,0.3,0.015139831997657893
Dynamic,Dec,5000,0.3,0.03165235399865196
Bellman-Ford,Mixed,5000,0.3,0.2388636409996252
Dijkstra,Mixed,5000,0.3,0.0037485200009541586
Dynamic,Mixed,5000,0.3,0.039809630001400365
Bellman-Ford,Inc,5000,0.4,0.03036595499725081
Dijkstra,Inc,5000,0.4,0.00039415799983544275
Bellman-Ford,Dec,5000,0.4,0.032168290999834426
Dijkstra,Dec,5000,0.4,0.0004934839998895768
Dynamic,Inc,5000,0.4,0.005546545999095542
Dynamic,Dec,5000,0.4,0.029527184000471607
Bellman-Ford,Mixed,5000,0.4,0.2124725789981312
Dijkstra,Mixed,5000,0.4,0.003496698001981713
Dynamic,Mixed,5000,0.4,0.019716992999747163
Bellman-Ford,Inc,5000,0.5,0.030184416002157377
Dijkstra,Inc,5000,0.5,0.0003957920016546268
Bellman-Ford,Dec,5000,0.5,0.024433515998680377
Dijkstra,Dec,5000,0.5,0.0003728580013557803
Dynamic,Inc,5000,0.5,0.0034751879975374322
Dynamic,Dec,5000,0.5,0.0030807490002189297
Bellman-Ford,Mixed,5000,0.5,0.16592337900146958
Dijkstra,Mixed,5000,0.5,0.002766510002402356
Dynamic,Mixed,5000,0.5,0.01438950599913369
Bellman-Ford,Inc,10000,0.1,0.06812590700064902
Dijkstra,Inc,10000,0.1,0.0007909809974080417
Bellman-Ford,Dec,10000,0.1,0.048433569998451276
Dijkstra,Dec,10000,0.1,0.0007376409994321875
Dynamic,Inc,10000,0.1,0.007062675998895429
Dynamic,Dec,10000,0.1,0.0018871339998440817
Bellman-Ford,Mixed,10000,0.1,0.04866120599763235
Dijkstra,Mixed,10000,0.1,0.000833591002447065
Dynamic,Mixed,10000,0.1,0.001615335000678897
Bellman-Ford,Inc,10000,0.2,0.05448388000149862
Dijkstra,Inc,10000,0.2,0.0007425710027746391
Bellman-Ford,Dec,10000,0.2,0.04959339199922397
Dijkstra,Dec,10000,0.2,0.000758710997615708
Dynamic,Inc,10000,0.2,0.006398732999514323
Dynamic,Dec,10000,0.2,0.002722768000239739
Bellman-Ford,Mixed,10000,0.2,0.049208790998818586
Dijkstra,Mixed,10000,0.2,0.0007263900006364565
Dynamic,Mixed,10000,0.2,0.0031515920018136967
Bellman-Ford,Inc,10000,0.3,0.0494899080003961
Dijkstra,Inc,10000,0.3,0.0007460770029865671
Bellman-Ford,Dec,10000,0.3,0.06355704100133153
Dijkstra,Dec,10000,0.3,0.0008959580009104684
Dynamic,Inc,10000,0.3,0.006061079999199137
Dynamic,Dec,10000,0.3,0.004167625000263797
Bellman-Ford,Mixed,10000,0.3,0.05171134800184518
Dijkstra,Mixed,10000,0.3,0.0007311490007850807
Dynamic,Mixed,10000,0.3,0.003875508002238348
Bellman-Ford,Inc,10000,0.4,0.04774824700143654
Dijkstra,Inc,10000,0.4,0.0007306480001716409
Bellman-Ford,Dec,10000,0.4,0.048608057000819826
Dijkstra,Dec,10000,0.4,0.0007894980008131824
Dynamic,Inc,10000,0.4,0.005610567000985611
Dynamic,Dec,10000,0.4,0.004474139001104049
Bellman-Ford,Mixed,10000,0.4,0.048856401997909416
Dijkstra,Mixed,10000,0.4,0.0008011899990378879
Dynamic,Mixed,10000,0.4,0.0048189449989877176
Bellman-Ford,Inc,10000,0.5,0.04959396199774346
Dijkstra,Inc,10000,0.5,0.0007248769979923964
Bellman-Ford,Dec,10000,0.5,0.050940383996930905
Dijkstra,Dec,10000,0.5,0.0009324659986305051
Dynamic,Inc,10000,0.5,0.005329390001861611
Dynamic,Dec,10000,0.5,0.004985585997928865
Bellman-Ford,Mixed,10000,0.5,0.04879059800077812
Dijkstra,Mixed,10000,0.5,0.0007159300002967939
Dynamic,Mixed,10000,0.5,0.005565652001678245
Bellman-Ford,Inc,10000,0.1,0.05976716399891302
Dijkstra,Inc,10000,0.1,0.000751117000618251
Bellman-Ford,Dec,10000,0.1,0.052584683002351085
Dijkstra,Dec,10000,0.1,0.0007654430010006763
Dynamic,Inc,10000,0.1,0.0060140120003779884
Dynamic,Dec,10000,0.1,0.001200637998408638
Bellman-Ford,Mixed,10000,0.1,0.05031926100127748
Dijkstra,Mixed,10000,0.1,0.0008471260007354431
Dynamic,Mixed,10000,0.1,0.0012955460006196517
Bellman-Ford,Inc,10000,0.2,0.04965715099751833
Dijkstra,Inc,10000,0.2,0.0007455869999830611
Bellman-Ford,Dec,10000,0.2,0.048991645002388395
Dijkstra,Dec,10000,0.2,0.0007421390000672545
Dynamic,Inc,10000,0.2,0.005661130999214947
Dynamic,Dec,10000,0.2,0.0021359799975471105
Bellman-Ford,Mixed,10000,0.2,0.048970645999361295
Dijkstra,Mixed,10000,0.2,0.0007640699986950494
Dynamic,Mixed,10000,0.2,0.002303813998878468
Bellman-Ford,Inc,10000,0.3,0.04921999200087157
Dijkstra,Inc,10000,0.3,0.0007272620023286436
Bellman-Ford,Dec,10000,0.3,0.053150774001551326
Dijkstra,Dec,10000,0.3,0.0008103969994408544
Dynamic,Inc,10000,0.3,0.0054000829986762255
Dynamic,Dec,10000,0.3,0.003082462997554103
Bellman-Ford,Mixed,10000,0.3,0.04870866499913973
Dijkstra,Mixed,10000,0.3,0.000727672999346396
Dynamic,Mixed,10000,0.3,0.0031041729998833034
Bellman-Ford,Inc,10000,0.4,0.050230233999172924
Dijkstra,Inc,10000,0.4,0.0006984480023675133
Bellman-Ford,Dec,10000,0.4,0.053067045999341644
Dijkstra,Dec,10000,0.4,0.0008296939995489083
Dynamic,Inc,10000,0.4,0.004835183997784043
Dynamic,Dec,10000,0.4,0.003668098997877678
Bellman-Ford,Mixed,10000,0.4,0.04882229800205096
Dijkstra,Mixed,10000,0.4,0.0007199489991762675
Dynamic,Mixed,10000,0.4,0.003908720002073096
Bellman-Ford,Inc,10000,0.5,0.04968986199673964
Dijkstra,Inc,10000,0.5,0.000770333001128165
Bellman-Ford,Dec,10000,0.5,0.04879282300316845
Dijkstra,Dec,10000,0.5,0.000746849000279326
Dynamic,Inc,10000,0.5,0.004195315999822924
Dynamic,Dec,10000,0.5,0.00415973000053782
Bellman-Ford,Mixed,10000,0.5,0.050235954997333465
Dijkstra,Mixed,10000,0.5,0.0008715619987924583
Dynamic,Mixed,10000,0.5,0.004499897000641795
Bellman-Ford,Inc,10000,0.1,0.22332368999923347
Dijkstra,Inc,10000,0.1,0.0015521570021519437
Bellman-Ford,Dec,10000,0.1,0.20157194700004766
Dijkstra,Dec,10000,0.1,0.0013160739981685765
Dynamic,Inc,10000,0.1,0.009246034998795949
Dynamic,Dec,10000,0.1,0.0020583840014296584
Bellman-Ford,Mixed,10000,0.1,0.25536462200034293
Dijkstra,Mixed,10000,0.1,0.0018502950006222818
Dynamic,Mixed,10000,0.1,0.011935631999222096
Bellman-Ford,Inc,10000,0.2,0.21049190999838174
Dijkstra,Inc,10000,0.2,0.0014138279984763358
Bellman-Ford,Dec,10000,0.2,0.21122949199707364
Dijkstra,Dec,10000,0.2,0.0014320619993668515
Dynamic,Inc,10000,0.2,0.007114963998901658
Dynamic,Dec,10000,0.2,0.002761130999715533
Bellman-Ford,Mixed,10000,0.2,0.2909325379987422
Dijkstra,Mixed,10000,0.2,0.002201543000410311
Dynamic,Mixed,10000,0.2,0.010594069000944728
Bellman-Ford,Inc,10000,0.3,0.04880675800086465
Dijkstra,Inc,10000,0.3,0.0007519280006818008
Bellman-Ford,Dec,10000,0.3,0.04874271900189342
Dijkstra,Dec,10000,0.3,0.0007645719997526612
Dynamic,Inc,10000,0.3,0.006912164000823395
Dynamic,Dec,10000,0.3,0.020031431999086635
Bellman-Ford,Mixed,10000,0.3,0.056607687001815066
Dijkstra,Mixed,10000,0.3,0.0008690370013937354
Dynamic,Mixed,10000,0.3,0.004643536001822213
Bellman-Ford,Inc,10000,0.4,0.04922156500106212
Dijkstra,Inc,10000,0.4,0.0007231140007206704
Bellman-Ford,Dec,10000,0.4,0.04843003299902193
Dijkstra,Dec,10000,0.4,0.0008129029993142467
Dynamic,Inc,10000,0.4,0.007202888002211694
Dynamic,Dec,10000,0.4,0.015805138002178865
Bellman-Ford,Mixed,10000,0.4,0.049462726998172
Dijkstra,Mixed,10000,0.4,0.0007153790029406082
Dynamic,Mixed,10000,0.4,0.005799391001346521
Bellman-Ford,Inc,10000,0.5,0.049280765997536946
Dijkstra,Inc,10000,0.5,0.000842899000417674
Bellman-Ford,Dec,10000,0.5,0.0496649860033358
Dijkstra,Dec,10000,0.5,0.0007925739992060699
Dynamic,Inc,10000,0.5,0.00518639299843926
Dynamic,Dec,10000,0.5,0.00567723100175499
Bellman-Ford,Mixed,10000,0.5,0.048941750999802025
Dijkstra,Mixed,10000,0.5,0.0007575889976578765
Dynamic,Mixed,10000,0.5,0.0062082459990051575
Bellman-Ford,Inc,25000,0.1,0.12153026499800035
Dijkstra,Inc,25000,0.1,0.002022366999881342
Bellman-Ford,Dec,25000,0.1,0.18063592999897082
Dijkstra,Dec,25000,0.1,0.002076087999739684
Dynamic,Inc,25000,0.1,0.016636764998111175
Dynamic,Dec,25000,0.1,0.003046345002076123
Bellman-Ford,Mixed,25000,0.1,0.12838479199854191
Dijkstra,Mixed,25000,0.1,0.001972684000065783
Dynamic,Mixed,25000,0.1,0.0037254559974826407
Bellman-Ford,Inc,25000,0.2,0.1249149840004975
Dijkstra,Inc,25000,0.2,0.0019899670005543157
Bellman-Ford,Dec,25000,0.2,0.12526616099785315
Dijkstra,Dec,25000,0.2,0.0021062250016257167
Dynamic,Inc,25000,0.2,0.015462626000953605
Dynamic,Dec,25000,0.2,0.005898466002690839
Bellman-Ford,Mixed,25000,0.2,0.12132238599951961
Dijkstra,Mixed,25000,0.2,0.002000937001866987
Dynamic,Mixed,25000,0.2,0.006234215001313714
Bellman-Ford,Inc,25000,0.3,0.1239733399997931
Dijkstra,Inc,25000,0.3,0.0020366839999041986
Bellman-Ford,Dec,25000,0.3,0.12318956200033426
Dijkstra,Dec,25000,0.3,0.002042615000391379
Dynamic,Inc,25000,0.3,0.014197697997587966
Dynamic,Dec,25000,0.3,0.008379802999115782
Bellman-Ford,Mixed,25000,0.3,0.1206185680021008
Dijkstra,Mixed,25000,0.3,0.002011698001297191
Dynamic,Mixed,25000,0.3,0.008044043999689166
Bellman-Ford,Inc,25000,0.4,0.12106080599915003
Dijkstra,Inc,25000,0.4,0.0020291300024837255
Bellman-Ford,Dec,25000,0.4,0.12243057100204169
Dijkstra,Dec,25000,0.4,0.002078391997201834
Dynamic,Inc,25000,0.4,0.01264963900030125
Dynamic,Dec,25000,0.4,0.010207896000792971
Bellman-Ford,Mixed,25000,0.4,0.12352754500170704
Dijkstra,Mixed,25000,0.4,0.002055207998637343
Dynamic,Mixed,25000,0.4,0.009876324998913333
Bellman-Ford,Inc,25000,0.5,0.12271568500000285
Dijkstra,Inc,25000,0.5,0.002180793999286834
Bellman-Ford,Dec,25000,0.5,0.12281839700153796
Dijkstra,Dec,25000,0.5,0.0020572630019159988
Dynamic,Inc,25000,0.5,0.01113217700185487
Dynamic,Dec,25000,0.5,0.011320278998027788
Bellman-Ford,Mixed,25000,0.5,0.12136260199986282
Dijkstra,Mixed,25000,0.5,0.0019833450023725163
Dynamic,Mixed,25000,0.5,0.012983474000066053
Bellman-Ford,Inc,25000,0.1,0.12763040899881162
Dijkstra,Inc,25000,0.1,0.002059246999124298
Bellman-Ford,Dec,25000,0.1,0.12117366799793672
Dijkstra,Dec,25000,0.1,0.002068734000204131
Dynamic,Inc,25000,0.1,0.013902866001444636
Dynamic,Dec,25000,0.1,0.0025436630021431483
Bellman-Ford,Mixed,25000,0.1,0.12806448199989973
Dijkstra,Mixed,25000,0.1,0.002013559998886194
Dynamic,Mixed,25000,0.1,0.002685870000277646
Bellman-Ford,Inc,25000,0.2,0.12233744599870988
Dijkstra,Inc,25000,0.2,0.00199835199964582
Bellman-Ford,Dec,25000,0.2,0.12216823900234886
Dijkstra,Dec,25000,0.2,0.00203246700039017
Dynamic,Inc,25000,0.2,0.012611637001100462
Dynamic,Dec,25000,0.2,0.004336401001637569
Bellman-Ford,Mixed,25000,0.2,0.1223878609998792
Dijkstra,Mixed,25000,0.2,0.0020630230028473306
Dynamic,Mixed,25000,0.2,0.004535043000942096
Bellman-Ford,Inc,25000,0.3,0.12352569200083963
Dijkstra,Inc,25000,0.3,0.0020135099985054694
Bellman-Ford,Dec,25000,0.3,0.1229205390009156
Dijkstra,Dec,25000,0.3,0.0020427550007298123
Dynamic,Inc,25000,0.3,0.013148772999556968
Dynamic,Dec,25000,0.3,0.005920447001699358
Bellman-Ford,Mixed,25000,0.3,0.12256873000296764
Dijkstra,Mixed,25000,0.3,0.0020041930001752917
Dynamic,Mixed,25000,0.3,0.006518317000882234
Bellman-Ford,Inc,25000,0.4,0.12131838800269179
Dijkstra,Inc,25000,0.4,0.0021076070006529335
Bellman-Ford,Dec,25000,0.4,0.12116950899871881
Dijkstra,Dec,25000,0.4,0.002048415997705888
Dynamic,Inc,25000,0.4,0.010389867002231767
Dynamic,Dec,25000,0.4,0.007512156997108832
Bellman-Ford,Mixed,25000,0.4,0.12176523499874747
Dijkstra,Mixed,25000,0.4,0.0019915390003006905
Dynamic,Mixed,25000,0.4,0.007865048999519786
Bellman-Ford,Inc,25000,0.5,0.12205715099844383
Dijkstra,Inc,25000,0.5,0.00202977099979762
Bellman-Ford,Dec,25000,0.5,0.12173581000024569
Dijkstra,Dec,25000,0.5,0.002046723002422368
Dynamic,Inc,25000,0.5,0.009117273999436293
Dynamic,Dec,25000,0.5,0.010188478998315986
Bellman-Ford,Mixed,25000,0.5,0.1221829579990299
Dijkstra,Mixed,25000,0.5,0.0021334949997253716
Dynamic,Mixed,25000,0.5,0.00933249599984265
Bellman-Ford,Inc,25000,0.1,0.24713090200020815
Dijkstra,Inc,25000,0.1,0.002189920996897854
Bellman-Ford,Dec,25000,0.1,0.12268497699915315
Dijkstra,Dec,25000,0.1,0.002035442001215415
Dynamic,Inc,25000,0.1,0.01805178499853355
Dynamic,Dec,25000,0.1,0.006238542999199126
Bellman-Ford,Mixed,25000,0.1,0.25912388100186945
Dijkstra,Mixed,25000,0.1,0.002331716998014599
Dynamic,Mixed,25000,0.1,0.0032887189991015475
Bellman-Ford,Inc,25000,0.2,0.12143202100196504
Dijkstra,Inc,25000,0.2,0.00194713699966087
Bellman-Ford,Dec,25000,0.2,0.24571545200160472
Dijkstra,Dec,25000,0.2,0.0022780859981139656
Dynamic,Inc,25000,0.2,0.015499395998631371
Dynamic,Dec,25000,0.2,0.006693795003229752
Bellman-Ford,Mixed,25000,0.2,0.12134290399990277
Dijkstra,Mixed,25000,0.2,0.0019505220006976742
Dynamic,Mixed,25000,0.2,0.006365560002450366
Bellman-Ford,Inc,25000,0.3,0.12018390400044154
Dijkstra,Inc,25000,0.3,0.0019702299978234805
Bellman-Ford,Dec,25000,0.3,0.12076814799729618
Dijkstra,Dec,25000,0.3,0.0020286690014472697
Dynamic,Inc,25000,0.3,0.014561208001396153
Dynamic,Dec,25000,0.3,0.0077131149992055725
Bellman-Ford,Mixed,25000,0.3,0.12068472199825919
Dijkstra,Mixed,25000,0.3,0.001968265998584684
Dynamic,Mixed,25000,0.3,0.008004679999430664
Bellman-Ford,Inc,25000,0.4,0.12893972000165377
Dijkstra,Inc,25000,0.4,0.0020800749989575706
Bellman-Ford,Dec,25000,0.4,0.12420052500237944
Dijkstra,Dec,25000,0.4,0.002111904999765102
Dynamic,Inc,25000,0.4,0.013222031000623247
Dynamic,Dec,25000,0.4,0.010759640001197113
Bellman-Ford,Mixed,25000,0.4,0.24958020900157862
Dijkstra,Mixed,25000,0.4,0.0021912230004090816
Dynamic,Mixed,25000,0.4,0.010801357002492296
Bellman-Ford,Inc,25000,0.5,0.12252054000055068
Dijkstra,Inc,25000,0.5,0.002132102999894414
Bellman-Ford,Dec,25000,0.5,0.12534259500171174
Dijkstra,Dec,25000,0.5,0.0020734120007546153
Dynamic,Inc,25000,0.5,0.013542340002459241
Dynamic,Dec,25000,0.5,0.014187688997481018
Bellman-Ford,Mixed,25000,0.5,0.12125341600039974
Dijkstra,Mixed,25000,0.5,0.0019305749992781784
Dynamic,Mixed,25000,0.5,0.012085742000635946
Bellman-Ford,Inc,50000,0.1,0.24890375299946754
Dijkstra,Inc,50000,0.1,0.004183985001873225
Bellman-Ford,Dec,50000,0.1,0.24471188300231006
Dijkstra,Dec,50000,0.1,0.004178474999207538
Dynamic,Inc,50000,0.1,0.031240664000506513
Dynamic,Dec,50000,0.1,0.00530438300120295
Bellman-Ford,Mixed,50000,0.1,0.29930265299844905
Dijkstra,Mixed,50000,0.1,0.0042415020034241024
Dynamic,Mixed,50000,0.1,0.005848101001902251
Bellman-Ford,Inc,50000,0.2,0.25680198400004883
Dijkstra,Inc,50000,0.2,0.0042276669992133975
Bellman-Ford,Dec,50000,0.2,0.24364701900049113
Dijkstra,Dec,50000,0.2,0.004250579997460591
Dynamic,Inc,50000,0.2,0.02946507800152176
Dynamic,Dec,50000,0.2,0.010807478000060655
Bellman-Ford,Mixed,50000,0.2,0.2750049120004405
Dijkstra,Mixed,50000,0.2,0.004116738997254288
Dynamic,Mixed,50000,0.2,0.010504371002753032
Bellman-Ford,Inc,50000,0.3,0.2436539209993498
Dijkstra,Inc,50000,0.3,0.004190286999801174
Bellman-Ford,Dec,50000,0.3,0.24564668300081394
Dijkstra,Dec,50000,0.3,0.004186730999208521
Dynamic,Inc,50000,0.3,0.028141579001385253
Dynamic,Dec,50000,0.3,0.01617926800099667
Bellman-Ford,Mixed,50000,0.3,0.27865006800129777
Dijkstra,Mixed,50000,0.3,0.004049052000482334
Dynamic,Mixed,50000,0.3,0.015940871999191586
Bellman-Ford,Inc,50000,0.4,0.25068545900285244
Dijkstra,Inc,50000,0.4,0.004149150001467206
Bellman-Ford,Dec,50000,0.4,0.2434315950013115
Dijkstra,Dec,50000,0.4,0.0042082609979843255
Dynamic,Inc,50000,0.4,0.02549277900106972
Dynamic,Dec,50000,0.4,0.019085701002040878
Bellman-Ford,Mixed,50000,0.4,0.24334218799776863
Dijkstra,Mixed,50000,0.4,0.004193972999928519
Dynamic,Mixed,50000,0.4,0.019089667999651283
Bellman-Ford,Inc,50000,0.5,0.2411207370023476
Dijkstra,Inc,50000,0.5,0.004270066001481609
Bellman-Ford,Dec,50000,0.5,0.24694449399976293
Dijkstra,Dec,50000,0.5,0.004099726997083053
Dynamic,Inc,50000,0.5,0.02179341200098861
Dynamic,Dec,50000,0.5,0.02125612499730778
Bellman-Ford,Mixed,50000,0.5,0.24992271999872173
Dijkstra,Mixed,50000,0.5,0.004215142998873489
Dynamic,Mixed,50000,0.5,0.022583240999665577
Bellman-Ford,Inc,50000,0.1,0.24906894200103125
Dijkstra,Inc,50000,0.1,0.004189716000837507
Bellman-Ford,Dec,50000,0.1,0.23984747400027118
Dijkstra,Dec,50000,0.1,0.0041345520003233105
Dynamic,Inc,50000,0.1,0.027223289998801192
Dynamic,Dec,50000,0.1,0.003913578999345191
Bellman-Ford,Mixed,50000,0.1,0.24163841700283228
Dijkstra,Mixed,50000,0.1,0.004084820000571199
Dynamic,Mixed,50000,0.1,0.005041460997745162
Bellman-Ford,Inc,50000,0.2,0.24921934400117607
Dijkstra,Inc,50000,0.2,0.004089679001481272
Bellman-Ford,Dec,50000,0.2,0.24438788500265218
Dijkstra,Dec,50000,0.2,0.004214862998196622
Dynamic,Inc,50000,0.2,0.027497273000335554
Dynamic,Dec,50000,0.2,0.007833078998373821
Bellman-Ford,Mixed,50000,0.2,0.24449166000340483
Dijkstra,Mixed,50000,0.2,0.004367528999864589
Dynamic,Mixed,50000,0.2,0.0082704679989547
Bellman-Ford,Inc,50000,0.3,0.24295647499820916
Dijkstra,Inc,50000,0.3,0.004092793999006972
Bellman-Ford,Dec,50000,0.3,0.24794631999975536
Dijkstra,Dec,50000,0.3,0.004261480000423035
Dynamic,Inc,50000,0.3,0.022239908001211006
Dynamic,Dec,50000,0.3,0.011647322000499116
Bellman-Ford,Mixed,50000,0.3,0.2426491200021701
Dijkstra,Mixed,50000,0.3,0.00401978800073266
Dynamic,Mixed,50000,0.3,0.011503672001708765
Bellman-Ford,Inc,50000,0.4,0.24334098599865683
Dijkstra,Inc,50000,0.4,0.004110437999770511
Bellman-Ford,Dec,50000,0.4,0.24282605099870125
Dijkstra,Dec,50000,0.4,0.0042969470014213584
Dynamic,Inc,50000,0.4,0.01985599399995408
Dynamic,Dec,50000,0.4,0.01499263700316078
Bellman-Ford,Mixed,50000,0.4,0.2442334369989112
Dijkstra,Mixed,50000,0.4,0.00463467900044634
Dynamic,Mixed,50000,0.4,0.01574856200022623
Bellman-Ford,Inc,50000,0.5,0.254540347999864
Dijkstra,Inc,50000,0.5,0.004117761000088649
Bellman-Ford,Dec,50000,0.5,0.24487376600154676
Dijkstra,Dec,50000,0.5,0.004281868998077698
Dynamic,Inc,50000,0.5,0.017697863000648795
Dynamic,Dec,50000,0.5,0.019712594999873545
Bellman-Ford,Mixed,50000,0.5,0.24461131600037334
Dijkstra,Mixed,50000,0.5,0.004654266002035001
Dynamic,Mixed,50000,0.5,0.020915658002195414
Bellman-Ford,Inc,50000,0.1,0.5298703280022892
Dijkstra,Inc,50000,0.1,0.00438512099935906
Bellman-Ford,Dec,50000,0.1,0.3690808539977297
Dijkstra,Dec,50000,0.1,0.004244778996508103
Dynamic,Inc,50000,0.1,0.035959289998572785
Dynamic,Dec,50000,0.1,0.005509638001967687
Bellman-Ford,Mixed,50000,0.1,0.24091798800145625
Dijkstra,Mixed,50000,0.1,0.004225713000778342
Dynamic,Mixed,50000,0.1,0.006388924000930274
Bellman-Ford,Inc,50000,0.2,0.2426301740015333
Dijkstra,Inc,50000,0.2,0.004076734003319871
Bellman-Ford,Dec,50000,0.2,0.2486655270004121
Dijkstra,Dec,50000,0.2,0.004163486999459565
Dynamic,Inc,50000,0.2,0.031054473998665344
Dynamic,Dec,50000,0.2,0.010898799002461601
Bellman-Ford,Mixed,50000,0.2,0.24111685000025318
Dijkstra,Mixed,50000,0.2,0.004196508998575155
Dynamic,Mixed,50000,0.2,0.012204685001051985
Bellman-Ford,Inc,50000,0.3,0.2414223919986398
Dijkstra,Inc,50000,0.3,0.004123812999750953
Bellman-Ford,Dec,50000,0.3,0.2417763859994011
Dijkstra,Dec,50000,0.3,0.0041553310002200305
Dynamic,Inc,50000,0.3,0.02818672400098876
Dynamic,Dec,50000,0.3,0.01543084700097097
Bellman-Ford,Mixed,50000,0.3,0.25950660799935577
Dijkstra,Mixed,50000,0.3,0.004174867997789988
Dynamic,Mixed,50000,0.3,0.01568972200038843
Bellman-Ford,Inc,50000,0.4,0.2749484050000319
Dijkstra,Inc,50000,0.4,0.004180497999186628
Bellman-Ford,Dec,50000,0.4,0.24406887800068944
Dijkstra,Dec,50000,0.4,0.003987608000898035
Dynamic,Inc,50000,0.4,0.025543284002196742
Dynamic,Dec,50000,0.4,0.019510226000420516
Bellman-Ford,Mixed,50000,0.4,0.24458828099886887
Dijkstra,Mixed,50000,0.4,0.004357138997875154
Dynamic,Mixed,50000,0.4,0.019983621998107992
Bellman-Ford,Inc,50000,0.5,0.24651743399954285
Dijkstra,Inc,50000,0.5,0.004052278000017395
Bellman-Ford,Dec,50000,0.5,0.24333998400106793
Dijkstra,Dec,50000,0.5,0.004166181999607943
Dynamic,Inc,50000,0.5,0.02207440799975302
Dynamic,Dec,50000,0.5,0.022069899998314213
Bellman-Ford,Mixed,50000,0.5,0.2422469760022068
Dijkstra,Mixed,50000,0.5,0.0041398130015295465
Dynamic,Mixed,50000,0.5,0.02554748200054746
Bellman-Ford,Inc,100000,0.1,0.4828553439983807
Dijkstra,Inc,100000,0.1,0.009325822000391781
Bellman-Ford,Dec,100000,0.1,0.4849474830007239
Dijkstra,Dec,100000,0.1,0.008673692998854676
Dynamic,Inc,100000,0.1,0.06674406899765017
Dynamic,Dec,100000,0.1,0.011282307998044416
Bellman-Ford,Mixed,100000,0.1,0.49042654400182073
Dijkstra,Mixed,100000,0.1,0.008649618001072668
Dynamic,Mixed,100000,0.1,0.011418614001740934
Bellman-Ford,Inc,100000,0.2,0.4915752249980869
Dijkstra,Inc,100000,0.2,0.008576631000323687
Bellman-Ford,Dec,100000,0.2,0.4857922449991747
Dijkstra,Dec,100000,0.2,0.008831498002109583
Dynamic,Inc,100000,0.2,0.059007250998547534
Dynamic,Dec,100000,0.2,0.020931868002662668
Bellman-Ford,Mixed,100000,0.2,0.48808002900113934
Dijkstra,Mixed,100000,0.2,0.009247278001566883
Dynamic,Mixed,100000,0.2,0.02361539299818105
Bellman-Ford,Inc,100000,0.3,0.49402774699774454
Dijkstra,Inc,100000,0.3,0.008544591000827495
Bellman-Ford,Dec,100000,0.3,0.4833912079993752
Dijkstra,Dec,100000,0.3,0.009108065998589154
Dynamic,Inc,100000,0.3,0.056459729999915
Dynamic,Dec,100000,0.3,0.027433774001110578
Bellman-Ford,Mixed,100000,0.3,0.4931461260021024
Dijkstra,Mixed,100000,0.3,0.008588753000367433
Dynamic,Mixed,100000,0.3,0.02973893099988345
Bellman-Ford,Inc,100000,0.4,0.4964115410002705
Dijkstra,Inc,100000,0.4,0.008533751002687495
Bellman-Ford,Dec,100000,0.4,0.4878635340028268
Dijkstra,Dec,100000,0.4,0.008576180000090972
Dynamic,Inc,100000,0.4,0.05073426800299785
Dynamic,Dec,100000,0.4,0.03422280800077715
Bellman-Ford,Mixed,100000,0.4,0.4790445690014167
Dijkstra,Mixed,100000,0.4,0.008657472000777489
Dynamic,Mixed,100000,0.4,0.03941991000101552
Bellman-Ford,Inc,100000,0.5,0.48466165799982264
Dijkstra,Inc,100000,0.5,0.009284517000196502
Bellman-Ford,Dec,100000,0.5,0.48207601600006456
Dijkstra,Dec,100000,0.5,0.00872924699797295
Dynamic,Inc,100000,0.5,0.04193003100226633
Dynamic,Dec,100000,0.5,0.03965307700127596
Bellman-Ford,Mixed,100000,0.5,0.495396090002032
Dijkstra,Mixed,100000,0.5,0.008673061998706544
Dynamic,Mixed,100000,0.5,0.04551733900007093
Bellman-Ford,Inc,100000,0.1,0.4833366960010608
Dijkstra,Inc,100000,0.1,0.008645078996778466
Bellman-Ford,Dec,100000,0.1,0.49177460800274275
Dijkstra,Dec,100000,0.1,0.008908281997719314
Dynamic,Inc,100000,0.1,0.05235865999929956
Dynamic,Dec,100000,0.1,0.008141375998093281
Bellman-Ford,Mixed,100000,0.1,0.48456132900173543
Dijkstra,Mixed,100000,0.1,0.008708548000868177
Dynamic,Mixed,100000,0.1,0.008582421996834455
Bellman-Ford,Inc,100000,0.2,0.4897209529990505
Dijkstra,Inc,100000,0.2,0.008903412999643479
Bellman-Ford,Dec,100000,0.2,0.4977506379982515
Dijkstra,Dec,100000,0.2,0.008942165000917157
Dynamic,Inc,100000,0.2,0.04981416499867919
Dynamic,Dec,100000,0.2,0.016146175999892876
Bellman-Ford,Mixed,100000,0.2,0.491902387002483
Dijkstra,Mixed,100000,0.2,0.008491221000440419
Dynamic,Mixed,100000,0.2,0.01834243899793364
Bellman-Ford,Inc,100000,0.3,0.4858775550019345
Dijkstra,Inc,100000,0.3,0.008774332000029972
Bellman-Ford,Dec,100000,0.3,0.4858620359991619
Dijkstra,Dec,100000,0.3,0.008484548998239916
Dynamic,Inc,100000,0.3,0.043933903998549795
Dynamic,Dec,100000,0.3,0.021565355000348063
Bellman-Ford,Mixed,100000,0.3,0.48317796899937093
Dijkstra,Mixed,100000,0.3,0.008588133001467213
Dynamic,Mixed,100000,0.3,0.024577004001912428
Bellman-Ford,Inc,100000,0.4,0.48118104000241146
Dijkstra,Inc,100000,0.4,0.009095220997551223
Bellman-Ford,Dec,100000,0.4,0.48184222700001555
Dijkstra,Dec,100000,0.4,0.00884310000037658
Dynamic,Inc,100000,0.4,0.03878216599696316
Dynamic,Dec,100000,0.4,0.04309147599997232
Bellman-Ford,Mixed,100000,0.4,0.5048295650012733
Dijkstra,Mixed,100000,0.4,0.008959799000876956
Dynamic,Mixed,100000,0.4,0.029851883002265822
Bellman-Ford,Inc,100000,0.5,0.5064806869995664
Dijkstra,Inc,100000,0.5,0.009118836998823099
Bellman-Ford,Dec,100000,0.5,0.5031421849998878
Dijkstra,Dec,100000,0.5,0.009473189998971066
Dynamic,Inc,100000,0.5,0.039860606000729604
Dynamic,Dec,100000,0.5,0.03096228200229234
Bellman-Ford,Mixed,100000,0.5,0.48621875300159445
Dijkstra,Mixed,100000,0.5,0.008851455000694841
Dynamic,Mixed,100000,0.5,0.036206862998369616
Bellman-Ford,Inc,100000,0.1,0.49362739700154634
Dijkstra,Inc,100000,0.1,0.008791304000624223
Bellman-Ford,Dec,100000,0.1,0.4904795929978718
Dijkstra,Dec,100000,0.1,0.008768830997723853
Dynamic,Inc,100000,0.1,0.0651335430011386
Dynamic,Dec,100000,0.1,0.011345175000315066
Bellman-Ford,Mixed,100000,0.1,0.6378667390017654
Dijkstra,Mixed,100000,0.1,0.008600565997767262
Dynamic,Mixed,100000,0.1,0.014429221002501436
Bellman-Ford,Inc,100000,0.2,0.4818623449973529
Dijkstra,Inc,100000,0.2,0.008566792999772588
Bellman-Ford,Dec,100000,0.2,0.49072366900145425
Dijkstra,Dec,100000,0.2,0.008511488998919958
Dynamic,Inc,100000,0.2,0.06372477500190143
Dynamic,Dec,100000,0.2,0.021397961001639487
Bellman-Ford,Mixed,100000,0.2,0.7179498270015756
Dijkstra,Mixed,100000,0.2,0.008768170002440456
Dynamic,Mixed,100000,0.2,0.02353136600140715
Bellman-Ford,Inc,100000,0.3,0.4800288920014282
Dijkstra,Inc,100000,0.3,0.00838591399951838
Bellman-Ford,Dec,100000,0.3,0.4854056900003343
Dijkstra,Dec,100000,0.3,0.00842367399673094
Dynamic,Inc,100000,0.3,0.05896638400008669
Dynamic,Dec,100000,0.3,0.029486118000932038
Bellman-Ford,Mixed,100000,0.3,0.48894408699925407
Dijkstra,Mixed,100000,0.3,0.008494087000144646
Dynamic,Mixed,100000,0.3,0.03062065199992503
Bellman-Ford,Inc,100000,0.4,0.4871456090004358
Dijkstra,Inc,100000,0.4,0.008452518999547465
Bellman-Ford,Dec,100000,0.4,0.48197550699842395
Dijkstra,Dec,100000,0.4,0.008606966999650467
Dynamic,Inc,100000,0.4,0.05568147200028761
Dynamic,Dec,100000,0.4,0.036324513999716146
Bellman-Ford,Mixed,100000,0.4,0.4889778799988562
Dijkstra,Mixed,100000,0.4,0.008580708999943454
Dynamic,Mixed,100000,0.4,0.03731750299994019
Bellman-Ford,Inc,100000,0.5,0.49240826399909565
Dijkstra,Inc,100000,0.5,0.008895218001271132
Bellman-Ford,Dec,100000,0.5,0.48435567499836907
Dijkstra,Dec,100000,0.5,0.008439053999609314
Dynamic,Inc,100000,0.5,0.04351506899911328
Dynamic,Dec,100000,0.5,0.039939041998877656
Bellman-Ford,Mixed,100000,0.5,0.4937682310010132
Dijkstra,Mixed,100000,0.5,0.008683732001372846
Dynamic,Mixed,100000,0.5,0.04534464499738533
Bellman-Ford,Inc,34,0.1,0.00028201800159877166
Dijkstra,Inc,34,0.1,3.995500082965009e-05
Bellman-Ford,Dec,34,0.1,0.00020030599989695475
Dijkstra,Dec,34,0.1,3.112800186499953e-05
Dynamic,Inc,34,0.1,0.00027609700191533193
Dynamic,Dec,34,0.1,1.4507000742014498e-05
Bellman-Ford,Mixed,34,0.1,0.00022228600209928118
Dijkstra,Mixed,34,0.1,3.255100091337226e-05
Dynamic,Mixed,34,0.1,1.6391000826843083e-05
Bellman-Ford,Inc,34,0.2,0.00019296200116514228
Dijkstra,Inc,34,0.2,2.9144997824914753e-05
Bellman-Ford,Dec,34,0.2,0.0002051049996225629
Dijkstra,Dec,34,0.2,2.990600114571862e-05
Dynamic,Inc,34,0.2,0.00023600199710926972
Dynamic,Dec,34,0.2,0.00011728000026778318
Bellman-Ford,Mixed,34,0.2,0.00019710899869096465
Dijkstra,Mixed,34,0.2,3.154899968649261e-05
Dynamic,Mixed,34,0.2,9.351500193588436e-05
Bellman-Ford,Inc,34,0.3,0.00021404099970823154
Dijkstra,Inc,34,0.3,2.9636001272592694e-05
Bellman-Ford,Dec,34,0.3,0.0002286179988004733
Dijkstra,Dec,34,0.3,2.9684997571166605e-05
Dynamic,Inc,34,0.3,0.00022475100195151754
Dynamic,Dec,34,0.3,0.0001251639987458475
Bellman-Ford,Mixed,34,0.3,0.0001992839970625937
Dijkstra,Mixed,34,0.3,3.123799979221076e-05
Dynamic,Mixed,34,0.3,7.774500045343302e-05
Bellman-Ford,Inc,34,0.4,0.00019864199930452742
Dijkstra,Inc,34,0.4,2.86940012301784e-05
Bellman-Ford,Dec,34,0.4,0.0001981310015253257
Dijkstra,Dec,34,0.4,2.7211000997340307e-05
Dynamic,Inc,34,0.4,0.00016948800112004392
Dynamic,Dec,34,0.4,0.00020014400070067495
Bellman-Ford,Mixed,34,0.4,0.00019816100029856898
Dijkstra,Mixed,34,0.4,3.1078001484274864e-05
Dynamic,Mixed,34,0.4,7.763599933241494e-05
Bellman-Ford,Inc,34,0.5,0.00019853199773933738
Dijkstra,Inc,34,0.5,2.5035998987732455e-05
Bellman-Ford,Dec,34,0.5,0.0001959670007636305
Dijkstra,Dec,34,0.5,2.594800025690347e-05
Dynamic,Inc,34,0.5,0.00016497899923706427
Dynamic,Dec,34,0.5,0.00022110400095698424
Bellman-Ford,Mixed,34,0.5,0.00020346100063761696
Dijkstra,Mixed,34,0.5,3.0155999411363155e-05
Dynamic,Mixed,34,0.5,0.0001616629997442942
Bellman-Ford,Inc,15,0.1,0.00012752799739246257
Dijkstra,Inc,15,0.1,1.6531001165276393e-05
Bellman-Ford,Dec,15,0.1,0.00011545599772944115
Dijkstra,Dec,15,0.1,1.590000101714395e-05
Dynamic,Inc,15,0.1,7.22860022506211e-05
Dynamic,Dec,15,0.1,7.938899943837896e-05
Bellman-Ford,Mixed,15,0.1,0.00011454499690444209
Dijkstra,Mixed,15,0.1,1.6531001165276393e-05
Dynamic,Mixed,15,0.1,1.9205999706173316e-05
Bellman-Ford,Inc,15,0.2,0.00011289200119790621
Dijkstra,Inc,15,0.2,1.6131001757457852e-05
Bellman-Ford,Dec,15,0.2,0.00011598700075410306
Dijkstra,Dec,15,0.2,1.587999940966256e-05
Dynamic,Inc,15,0.2,9.099999806494452e-05
Dynamic,Dec,15,0.2,3.0056002287892625e-05
Bellman-Ford,Mixed,15,0.2,0.00011940400145249441
Dijkstra,Mixed,15,0.2,1.6571000742260367e-05
Dynamic,Mixed,15,0.2,7.364799967035651e-05
Bellman-Ford,Inc,15,0.3,0.00013115500041749328
Dijkstra,Inc,15,0.3,1.5047997294459492e-05
Bellman-Ford,Dec,15,0.3,0.00012984300337848254
Dijkstra,Dec,15,0.3,1.7553000361658633e-05
Dynamic,Inc,15,0.3,5.9942001826129854e-05
Dynamic,Dec,15,0.3,2.5748999178176746e-05
Bellman-Ford,Mixed,15,0.3,0.00011350299973855726
Dijkstra,Mixed,15,0.3,1.570899985381402e-05
Dynamic,Mixed,15,0.3,5.665600110660307e-05
Bellman-Ford,Inc,15,0.4,0.0001187230009236373
Dijkstra,Inc,15,0.4,1.1531999916769564e-05
Bellman-Ford,Dec,15,0.4,0.00013070499699097127
Dijkstra,Dec,15,0.4,1.2292999599594623e-05
Dynamic,Inc,15,0.4,5.4902997362660244e-05
Dynamic,Dec,15,0.4,5.3379997552838176e-05
Bellman-Ford,Mixed,15,0.4,0.00011540600098669529
Dijkstra,Mixed,15,0.4,1.516900010756217e-05
Dynamic,Mixed,15,0.4,4.191900006844662e-05
Bellman-Ford,Inc,15,0.5,0.00011948300016229041
Dijkstra,Inc,15,0.5,1.3165001291781664e-05
Bellman-Ford,Dec,15,0.5,0.00011619800352491438
Dijkstra,Dec,15,0.5,1.4277000445872545e-05
Dynamic,Inc,15,0.5,1.952700040419586e-05
Dynamic,Dec,15,0.5,7.733500024187379e-05
Bellman-Ford,Mixed,15,0.5,0.00011673900007735938
Dijkstra,Mixed,15,0.5,1.4657998690381646e-05
Dynamic,Mixed,15,0.5,0.00010800200107041746
Bellman-Ford,Inc,32,0.1,0.00019072800205321983
Dijkstra,Inc,32,0.1,4.509499922278337e-05
Bellman-Ford,Dec,32,0.1,0.00019008600065717474
Dijkstra,Dec,32,0.1,3.369299884070642e-05
Dynamic,Inc,32,0.1,0.0003051610001421068
Dynamic,Dec,32,0.1,5.6955999752972275e-05
Bellman-Ford,Mixed,32,0.1,0.00019210000027669594
Dijkstra,Mixed,32,0.1,3.549599932739511e-05
Dynamic,Mixed,32,0.1,1.8475002434570342e-05
Bellman-Ford,Inc,32,0.2,0.00018979599917656742
Dijkstra,Inc,32,0.2,3.3402000553905964e-05
Bellman-Ford,Dec,32,0.2,0.00018916499902843498
Dijkstra,Dec,32,0.2,3.2801002816995606e-05
Dynamic,Inc,32,0.2,0.00026362400240032
Dynamic,Dec,32,0.2,5.147599949850701e-05
Bellman-Ford,Mixed,32,0.2,0.00019116799740004353
Dijkstra,Mixed,32,0.2,3.5064997064182535e-05
Dynamic,Mixed,32,0.2,4.417200034367852e-05
Bellman-Ford,Inc,32,0.3,0.0002129989989043679
Dijkstra,Inc,32,0.3,3.109799945377745e-05
Bellman-Ford,Dec,32,0.3,0.00019048700050916523
Dijkstra,Dec,32,0.3,3.205999746569432e-05
Dynamic,Inc,32,0.3,0.00024383699928876013
Dynamic,Dec,32,0.3,5.713700011256151e-05
Bellman-Ford,Mixed,32,0.3,0.00019222999981138855
Dijkstra,Mixed,32,0.3,3.424399983487092e-05
Dynamic,Mixed,32,0.3,0.0002736919996095821
Bellman-Ford,Inc,32,0.4,0.00019745999816223048
Dijkstra,Inc,32,0.4,3.1198000215226784e-05
Bellman-Ford,Dec,32,0.4,0.00019893200078513473
Dijkstra,Dec,32,0.4,3.1198000215226784e-05
Dynamic,Inc,32,0.4,0.0002212939980381634
Dynamic,Dec,32,0.4,0.0001117489991884213
Bellman-Ford,Mixed,32,0.4,0.00019338299898663536
Dijkstra,Mixed,32,0.4,3.3522999729029834e-05
Dynamic,Mixed,32,0.4,4.9723003030521795e-05
Bellman-Ford,Inc,32,0.5,0.00018879400158766657
Dijkstra,Inc,32,0.5,3.052700049011037e-05
Bellman-Ford,Dec,32,0.5,0.00018715099940891378
Dijkstra,Dec,32,0.5,3.000599826918915e-05
Dynamic,Inc,32,0.5,0.00016885600052773952
Dynamic,Dec,32,0.5,8.694200005265884e-05
Bellman-Ford,Mixed,32,0.5,0.00020225900152581744
Dijkstra,Mixed,32,0.5,3.363299765624106e-05
Dynamic,Mixed,32,0.5,0.00023305599825107493
